EngagementID,TimeStart,TimeEnd,TimeSpent,IsCompleted,EmployeeID,ModuleID,CourseID
1,2022-08-27 09:44:25+05:30,,0,False,599,1_1,1
2,2022-07-18 01:30:33+05:30,2022-07-18 02:57:33+05:30,87,True,811,1_2,1
3,2024-08-21 06:35:59+05:30,2024-08-21 08:05:59+05:30,90,True,359,1_3,1
4,2021-11-30 21:31:43+05:30,2021-11-30 22:09:43+05:30,38,True,489,1_4,1
5,2023-01-14 12:23:14+05:30,2023-01-14 13:32:14+05:30,69,True,757,1_5,1
6,2022-08-29 23:00:07+05:30,,0,False,200,2_1,2
7,2023-01-19 08:57:48+05:30,2023-01-19 10:46:48+05:30,109,True,104,2_2,2
8,2021-09-03 00:51:00+05:30,2021-09-03 02:51:00+05:30,120,True,634,2_3,2
9,2024-07-14 03:11:14+05:30,2024-07-14 05:10:14+05:30,119,True,363,2_4,2
10,2023-09-12 12:10:54+05:30,,0,False,904,2_5,2
11,2023-07-11 00:18:40+05:30,,0,False,304,3_1,3
12,2024-09-05 14:07:01+05:30,2024-09-05 15:49:01+05:30,102,True,171,3_2,3
13,2023-10-11 01:46:15+05:30,2023-10-11 02:47:15+05:30,61,True,933,3_3,3
14,2020-03-13 02:47:09+05:30,2020-03-13 03:53:09+05:30,66,True,691,3_4,3
15,2022-08-13 18:04:36+05:30,2022-08-13 19:19:36+05:30,75,True,934,3_5,3
16,2020-07-02 09:20:09+05:30,,0,False,853,4_1,4
17,2022-08-12 09:10:17+05:30,2022-08-12 10:38:17+05:30,88,True,214,4_2,4
18,2020-11-15 23:22:49+05:30,2020-11-15 23:32:49+05:30,10,True,637,4_3,4
19,2024-02-05 04:51:11+05:30,2024-02-05 06:37:11+05:30,106,True,102,4_4,4
20,2023-06-03 07:58:02+05:30,2023-06-03 09:43:02+05:30,105,True,847,4_5,4
21,2022-12-04 13:53:41+05:30,2022-12-04 13:58:41+05:30,5,True,879,5_1,5
22,2022-01-09 05:15:31+05:30,2022-01-09 06:12:31+05:30,57,True,799,5_2,5
23,2021-12-19 22:58:44+05:30,,0,False,685,5_3,5
24,2020-08-28 05:45:25+05:30,,0,False,482,5_4,5
25,2023-09-15 21:17:40+05:30,,0,False,90,5_5,5
26,2020-01-08 20:32:29+05:30,2020-01-08 21:49:29+05:30,77,True,491,6_1,6
27,2024-06-04 18:58:01+05:30,2024-06-04 20:06:01+05:30,68,True,607,6_2,6
28,2020-11-11 20:32:46+05:30,2020-11-11 22:00:46+05:30,88,True,980,6_3,6
29,2024-03-22 12:08:27+05:30,2024-03-22 13:23:27+05:30,75,True,703,6_4,6
30,2024-09-22 12:58:33+05:30,2024-09-22 14:27:33+05:30,89,True,821,6_5,6
31,2024-02-08 17:13:50+05:30,,0,False,702,7_1,7
32,2020-02-09 08:29:37+05:30,,0,False,649,7_2,7
33,2022-08-10 14:35:40+05:30,2022-08-10 14:42:40+05:30,7,True,651,7_3,7
34,2020-01-11 21:36:01+05:30,2020-01-11 22:37:01+05:30,61,True,659,7_4,7
35,2024-01-13 01:35:36+05:30,2024-01-13 02:59:36+05:30,84,True,453,7_5,7
36,2022-01-10 11:24:26+05:30,2022-01-10 12:04:26+05:30,40,True,371,8_1,8
37,2023-11-14 11:13:49+05:30,,0,False,292,8_2,8
38,2020-04-19 18:34:53+05:30,2020-04-19 19:48:53+05:30,74,True,525,8_3,8
39,2024-07-20 09:56:16+05:30,,0,False,740,8_4,8
40,2020-03-03 18:21:34+05:30,2020-03-03 18:38:34+05:30,17,True,680,8_5,8
41,2020-07-10 14:16:41+05:30,2020-07-10 15:05:41+05:30,49,True,105,9_1,9
42,2022-04-16 06:18:01+05:30,,0,False,608,9_2,9
43,2021-07-22 03:20:00+05:30,2021-07-22 04:43:00+05:30,83,True,929,9_3,9
44,2023-05-16 18:19:33+05:30,2023-05-16 18:30:33+05:30,11,True,588,9_4,9
45,2022-09-01 21:28:38+05:30,,0,False,621,9_5,9
46,2020-11-01 19:44:33+05:30,,0,False,661,10_1,10
47,2024-03-11 03:52:54+05:30,2024-03-11 05:12:54+05:30,80,True,780,10_2,10
48,2020-01-09 20:26:56+05:30,,0,False,788,10_3,10
49,2022-09-24 02:58:27+05:30,2022-09-24 04:25:27+05:30,87,True,13,10_4,10
50,2020-07-02 11:49:06+05:30,2020-07-02 13:38:06+05:30,109,True,779,10_5,10
51,2020-10-13 11:50:43+05:30,2020-10-13 12:19:43+05:30,29,True,833,11_1,11
52,2020-06-16 03:53:18+05:30,,0,False,866,11_2,11
53,2021-01-07 04:15:23+05:30,2021-01-07 04:33:23+05:30,18,True,495,11_3,11
54,2021-01-01 23:42:56+05:30,,0,False,213,11_4,11
55,2023-07-19 05:24:46+05:30,2023-07-19 07:15:46+05:30,111,True,57,11_5,11
56,2024-09-22 23:14:56+05:30,,0,False,922,12_1,12
57,2022-06-20 02:54:12+05:30,2022-06-20 03:46:12+05:30,52,True,173,12_2,12
58,2021-05-16 01:06:03+05:30,2021-05-16 01:59:03+05:30,53,True,225,12_3,12
59,2024-02-18 08:12:22+05:30,2024-02-18 08:57:22+05:30,45,True,859,12_4,12
60,2024-04-26 11:01:51+05:30,2024-04-26 12:27:51+05:30,86,True,210,12_5,12
61,2020-08-31 21:15:55+05:30,2020-08-31 21:52:55+05:30,37,True,466,13_1,13
62,2022-02-02 18:33:36+05:30,,0,False,359,13_2,13
63,2024-07-10 21:57:09+05:30,,0,False,291,13_3,13
64,2024-07-27 20:46:02+05:30,2024-07-27 22:18:02+05:30,92,True,417,13_4,13
65,2023-02-20 00:17:31+05:30,2023-02-20 02:08:31+05:30,111,True,538,13_5,13
66,2020-12-13 00:19:09+05:30,2020-12-13 00:44:09+05:30,25,True,71,14_1,14
67,2023-08-11 16:04:54+05:30,2023-08-11 16:28:54+05:30,24,True,165,14_2,14
68,2022-05-15 05:36:31+05:30,,0,False,160,14_3,14
69,2021-10-16 17:50:47+05:30,2021-10-16 18:19:47+05:30,29,True,189,14_4,14
70,2024-07-21 09:29:17+05:30,2024-07-21 10:28:17+05:30,59,True,25,14_5,14
71,2022-07-04 05:07:36+05:30,2022-07-04 06:38:36+05:30,91,True,237,15_1,15
72,2024-01-04 13:27:04+05:30,2024-01-04 14:29:04+05:30,62,True,248,15_2,15
73,2022-11-13 03:04:52+05:30,2022-11-13 03:55:52+05:30,51,True,4,15_3,15
74,2022-09-25 03:40:55+05:30,2022-09-25 05:39:55+05:30,119,True,346,15_4,15
75,2023-01-13 04:42:04+05:30,2023-01-13 05:28:04+05:30,46,True,477,15_5,15
76,2021-07-25 23:08:21+05:30,2021-07-26 00:03:21+05:30,55,True,916,16_1,16
77,2023-06-28 18:37:30+05:30,2023-06-28 19:07:30+05:30,30,True,598,16_2,16
78,2024-02-26 09:35:35+05:30,2024-02-26 11:35:35+05:30,120,True,848,16_3,16
79,2020-03-12 01:14:19+05:30,2020-03-12 02:07:19+05:30,53,True,189,16_4,16
80,2022-12-20 21:59:30+05:30,,0,False,796,16_5,16
81,2022-09-16 15:24:41+05:30,2022-09-16 15:56:41+05:30,32,True,798,17_1,17
82,2022-12-03 18:11:20+05:30,2022-12-03 18:36:20+05:30,25,True,358,17_2,17
83,2022-06-15 02:43:08+05:30,2022-06-15 03:53:08+05:30,70,True,7,17_3,17
84,2023-05-06 19:44:33+05:30,2023-05-06 19:58:33+05:30,14,True,614,17_4,17
85,2024-01-23 17:06:10+05:30,2024-01-23 18:55:10+05:30,109,True,406,17_5,17
86,2021-02-12 07:46:53+05:30,,0,False,648,18_1,18
87,2023-11-23 15:48:42+05:30,,0,False,105,18_2,18
88,2022-08-29 12:45:02+05:30,2022-08-29 14:31:02+05:30,106,True,907,18_3,18
89,2020-01-16 15:14:16+05:30,,0,False,290,18_4,18
90,2024-08-20 17:54:55+05:30,2024-08-20 18:34:55+05:30,40,True,188,18_5,18
91,2024-02-29 06:43:53+05:30,,0,False,547,19_1,19
92,2021-05-16 13:19:36+05:30,2021-05-16 15:19:36+05:30,120,True,278,19_2,19
93,2023-09-26 05:18:53+05:30,2023-09-26 07:05:53+05:30,107,True,334,19_3,19
94,2022-01-28 12:12:24+05:30,2022-01-28 14:10:24+05:30,118,True,831,19_4,19
95,2021-06-09 02:58:07+05:30,,0,False,750,19_5,19
96,2022-08-21 13:12:39+05:30,2022-08-21 14:34:39+05:30,82,True,999,20_1,20
97,2023-05-31 23:14:50+05:30,2023-05-31 23:24:50+05:30,10,True,876,20_2,20
98,2021-04-09 22:17:43+05:30,,0,False,196,20_3,20
99,2023-08-30 15:45:01+05:30,,0,False,630,20_4,20
100,2020-07-21 05:45:47+05:30,2020-07-21 06:05:47+05:30,20,True,620,20_5,20
101,2022-05-23 11:24:02+05:30,,0,False,104,21_1,21
102,2020-01-09 17:00:23+05:30,2020-01-09 18:36:23+05:30,96,True,752,21_2,21
103,2020-10-24 15:33:47+05:30,,0,False,343,21_3,21
104,2023-01-06 23:09:53+05:30,2023-01-06 23:47:53+05:30,38,True,25,21_4,21
105,2021-08-18 11:37:28+05:30,2021-08-18 13:02:28+05:30,85,True,70,21_5,21
106,2024-07-18 16:08:03+05:30,2024-07-18 16:15:03+05:30,7,True,958,22_1,22
107,2020-07-31 11:57:12+05:30,,0,False,674,22_2,22
108,2020-12-15 22:22:21+05:30,2020-12-15 22:28:21+05:30,6,True,74,22_3,22
109,2023-01-27 13:50:03+05:30,2023-01-27 15:35:03+05:30,105,True,36,22_4,22
110,2021-06-08 08:09:40+05:30,2021-06-08 08:45:40+05:30,36,True,305,22_5,22
111,2024-05-07 12:21:41+05:30,2024-05-07 13:48:41+05:30,87,True,420,23_1,23
112,2022-09-25 15:22:45+05:30,,0,False,106,23_2,23
113,2023-05-10 20:16:32+05:30,,0,False,627,23_3,23
114,2024-01-11 07:46:35+05:30,2024-01-11 08:56:35+05:30,70,True,403,23_4,23
115,2023-11-16 05:43:07+05:30,,0,False,36,23_5,23
116,2023-11-14 04:01:33+05:30,2023-11-14 05:18:33+05:30,77,True,171,24_1,24
117,2024-05-26 22:10:02+05:30,2024-05-26 23:52:02+05:30,102,True,142,24_2,24
118,2022-02-13 22:07:45+05:30,,0,False,965,24_3,24
119,2024-09-03 07:12:43+05:30,2024-09-03 08:31:43+05:30,79,True,192,24_4,24
120,2021-12-09 10:05:01+05:30,,0,False,64,24_5,24
121,2020-05-11 20:59:26+05:30,2020-05-11 22:56:26+05:30,117,True,581,25_1,25
122,2022-09-03 19:25:24+05:30,2022-09-03 19:55:24+05:30,30,True,70,25_2,25
123,2023-02-03 20:41:30+05:30,,0,False,472,25_3,25
124,2022-08-13 23:16:28+05:30,,0,False,416,25_4,25
125,2024-08-03 22:07:54+05:30,2024-08-03 22:56:54+05:30,49,True,648,25_5,25
126,2021-11-15 13:19:55+05:30,2021-11-15 13:46:55+05:30,27,True,281,26_1,26
127,2020-05-15 01:41:44+05:30,2020-05-15 02:25:44+05:30,44,True,164,26_2,26
128,2022-10-19 23:57:10+05:30,2022-10-20 01:45:10+05:30,108,True,845,26_3,26
129,2021-01-26 05:10:09+05:30,2021-01-26 06:14:09+05:30,64,True,289,26_4,26
130,2023-10-07 11:56:00+05:30,2023-10-07 13:48:00+05:30,112,True,524,26_5,26
131,2021-06-07 18:11:06+05:30,2021-06-07 20:00:06+05:30,109,True,539,27_1,27
132,2020-05-15 15:53:38+05:30,2020-05-15 17:16:38+05:30,83,True,371,27_2,27
133,2023-10-14 03:52:24+05:30,2023-10-14 04:04:24+05:30,12,True,492,27_3,27
134,2023-12-01 15:10:22+05:30,2023-12-01 16:23:22+05:30,73,True,812,27_4,27
135,2023-10-26 14:03:24+05:30,2023-10-26 15:43:24+05:30,100,True,290,27_5,27
136,2023-02-28 11:12:53+05:30,2023-02-28 12:03:53+05:30,51,True,73,28_1,28
137,2023-08-16 21:24:29+05:30,,0,False,76,28_2,28
138,2021-04-14 11:17:15+05:30,2021-04-14 11:24:15+05:30,7,True,897,28_3,28
139,2022-02-28 07:48:35+05:30,2022-02-28 09:05:35+05:30,77,True,784,28_4,28
140,2020-12-21 04:57:19+05:30,2020-12-21 06:57:19+05:30,120,True,16,28_5,28
141,2023-02-26 17:43:42+05:30,2023-02-26 18:08:42+05:30,25,True,550,29_1,29
142,2022-12-05 14:12:24+05:30,2022-12-05 14:32:24+05:30,20,True,906,29_2,29
143,2023-05-23 21:32:42+05:30,,0,False,370,29_3,29
144,2022-06-05 18:54:42+05:30,2022-06-05 20:44:42+05:30,110,True,633,29_4,29
145,2021-02-03 13:13:04+05:30,2021-02-03 14:19:04+05:30,66,True,435,29_5,29
146,2023-06-17 00:06:16+05:30,2023-06-17 00:12:16+05:30,6,True,165,30_1,30
147,2022-12-29 16:50:36+05:30,2022-12-29 17:46:36+05:30,56,True,240,30_2,30
148,2022-12-25 06:56:14+05:30,,0,False,532,30_3,30
149,2020-09-14 12:27:57+05:30,2020-09-14 13:51:57+05:30,84,True,874,30_4,30
150,2021-01-17 19:03:54+05:30,2021-01-17 20:44:54+05:30,101,True,675,30_5,30
151,2022-02-21 12:38:32+05:30,2022-02-21 13:00:32+05:30,22,True,26,31_1,31
152,2022-01-11 14:08:43+05:30,2022-01-11 14:54:43+05:30,46,True,848,31_2,31
153,2020-10-29 22:54:08+05:30,2020-10-30 00:48:08+05:30,114,True,907,31_3,31
154,2021-07-24 14:23:58+05:30,2021-07-24 16:22:58+05:30,119,True,421,31_4,31
155,2024-04-07 23:24:52+05:30,2024-04-08 01:03:52+05:30,99,True,619,31_5,31
156,2022-03-31 13:17:54+05:30,2022-03-31 13:43:54+05:30,26,True,312,32_1,32
157,2022-08-27 05:54:37+05:30,2022-08-27 07:19:37+05:30,85,True,641,32_2,32
158,2021-04-09 22:26:51+05:30,2021-04-09 23:34:51+05:30,68,True,773,32_3,32
159,2023-03-23 09:52:05+05:30,2023-03-23 10:23:05+05:30,31,True,165,32_4,32
160,2022-05-23 15:02:12+05:30,2022-05-23 16:21:12+05:30,79,True,760,32_5,32
161,2023-05-20 20:23:53+05:30,,0,False,640,33_1,33
162,2024-09-30 17:55:08+05:30,2024-09-30 18:55:08+05:30,60,True,559,33_2,33
163,2021-07-20 04:29:02+05:30,2021-07-20 06:14:02+05:30,105,True,11,33_3,33
164,2023-11-17 00:09:55+05:30,,0,False,121,33_4,33
165,2022-04-17 04:22:55+05:30,2022-04-17 06:01:55+05:30,99,True,466,33_5,33
166,2022-06-30 11:37:38+05:30,2022-06-30 11:53:38+05:30,16,True,298,34_1,34
167,2021-01-01 00:09:12+05:30,2021-01-01 02:05:12+05:30,116,True,933,34_2,34
168,2022-07-28 13:09:17+05:30,2022-07-28 13:26:17+05:30,17,True,876,34_3,34
169,2021-03-04 03:58:00+05:30,2021-03-04 04:16:00+05:30,18,True,537,34_4,34
170,2024-04-05 03:58:00+05:30,2024-04-05 04:19:00+05:30,21,True,167,34_5,34
171,2020-12-07 18:41:31+05:30,2020-12-07 19:39:31+05:30,58,True,605,35_1,35
172,2021-09-20 01:37:55+05:30,2021-09-20 02:12:55+05:30,35,True,928,35_2,35
173,2022-01-08 02:54:27+05:30,2022-01-08 04:50:27+05:30,116,True,358,35_3,35
174,2020-12-28 03:41:45+05:30,,0,False,59,35_4,35
175,2022-02-14 18:17:22+05:30,2022-02-14 20:17:22+05:30,120,True,988,35_5,35
176,2020-04-18 05:26:07+05:30,2020-04-18 07:25:07+05:30,119,True,475,36_1,36
177,2022-03-31 21:44:37+05:30,2022-03-31 22:39:37+05:30,55,True,860,36_2,36
178,2022-02-11 16:25:49+05:30,,0,False,150,36_3,36
179,2023-11-21 04:15:44+05:30,2023-11-21 04:32:44+05:30,17,True,183,36_4,36
180,2023-12-16 03:49:21+05:30,,0,False,890,36_5,36
181,2020-12-26 17:41:19+05:30,2020-12-26 18:58:19+05:30,77,True,195,37_1,37
182,2023-04-06 05:02:22+05:30,2023-04-06 05:49:22+05:30,47,True,714,37_2,37
183,2022-12-24 22:28:24+05:30,2022-12-24 23:59:24+05:30,91,True,717,37_3,37
184,2022-03-28 12:53:42+05:30,2022-03-28 14:07:42+05:30,74,True,974,37_4,37
185,2022-04-29 22:44:34+05:30,2022-04-30 00:07:34+05:30,83,True,973,37_5,37
186,2020-04-27 12:09:05+05:30,,0,False,662,38_1,38
187,2023-08-16 08:17:15+05:30,2023-08-16 09:15:15+05:30,58,True,176,38_2,38
188,2021-10-26 13:58:32+05:30,,0,False,655,38_3,38
189,2022-08-03 20:49:02+05:30,,0,False,483,38_4,38
190,2024-06-28 06:41:32+05:30,2024-06-28 08:33:32+05:30,112,True,102,38_5,38
191,2021-07-08 12:52:34+05:30,2021-07-08 14:20:34+05:30,88,True,755,39_1,39
192,2023-07-17 05:11:14+05:30,2023-07-17 07:08:14+05:30,117,True,561,39_2,39
193,2020-07-24 22:40:25+05:30,2020-07-24 23:39:25+05:30,59,True,844,39_3,39
194,2022-06-08 19:42:11+05:30,2022-06-08 19:54:11+05:30,12,True,620,39_4,39
195,2023-03-24 10:32:30+05:30,,0,False,769,39_5,39
196,2021-12-03 20:08:09+05:30,2021-12-03 20:32:09+05:30,24,True,778,40_1,40
197,2021-09-02 03:55:51+05:30,,0,False,469,40_2,40
198,2023-08-21 13:51:22+05:30,2023-08-21 15:06:22+05:30,75,True,325,40_3,40
199,2020-12-31 13:36:48+05:30,2020-12-31 15:17:48+05:30,101,True,964,40_4,40
200,2023-12-30 01:52:01+05:30,2023-12-30 03:44:01+05:30,112,True,6,40_5,40
201,2023-03-23 03:54:44+05:30,2023-03-23 04:13:44+05:30,19,True,41,41_1,41
202,2023-02-23 13:21:21+05:30,2023-02-23 15:09:21+05:30,108,True,299,41_2,41
203,2023-04-22 03:47:24+05:30,2023-04-22 04:35:24+05:30,48,True,331,41_3,41
204,2022-02-15 18:08:17+05:30,,0,False,62,41_4,41
205,2022-06-26 00:07:26+05:30,2022-06-26 00:28:26+05:30,21,True,707,41_5,41
206,2024-01-06 10:46:35+05:30,2024-01-06 12:35:35+05:30,109,True,525,42_1,42
207,2023-11-16 17:07:30+05:30,2023-11-16 18:13:30+05:30,66,True,697,42_2,42
208,2021-03-21 03:20:18+05:30,2021-03-21 05:11:18+05:30,111,True,539,42_3,42
209,2024-03-20 20:04:12+05:30,,0,False,952,42_4,42
210,2022-08-11 01:43:04+05:30,2022-08-11 02:36:04+05:30,53,True,990,42_5,42
211,2021-12-05 12:14:49+05:30,2021-12-05 13:31:49+05:30,77,True,165,43_1,43
212,2023-04-03 02:26:02+05:30,2023-04-03 04:16:02+05:30,110,True,946,43_2,43
213,2024-08-26 21:30:55+05:30,2024-08-26 21:41:55+05:30,11,True,857,43_3,43
214,2023-08-30 18:01:29+05:30,2023-08-30 18:36:29+05:30,35,True,228,43_4,43
215,2021-09-14 17:27:09+05:30,,0,False,421,43_5,43
216,2023-07-15 13:55:31+05:30,,0,False,58,44_1,44
217,2023-06-01 21:43:33+05:30,,0,False,59,44_2,44
218,2022-03-28 13:22:10+05:30,2022-03-28 13:45:10+05:30,23,True,927,44_3,44
219,2020-12-06 19:08:04+05:30,2020-12-06 20:19:04+05:30,71,True,508,44_4,44
220,2021-12-31 00:34:58+05:30,,0,False,482,44_5,44
221,2022-08-24 02:05:26+05:30,2022-08-24 03:39:26+05:30,94,True,13,45_1,45
222,2020-11-01 03:47:10+05:30,2020-11-01 04:30:10+05:30,43,True,142,45_2,45
223,2020-01-27 01:03:03+05:30,2020-01-27 02:14:03+05:30,71,True,865,45_3,45
224,2024-06-16 14:04:19+05:30,2024-06-16 15:23:19+05:30,79,True,509,45_4,45
225,2021-08-25 23:21:52+05:30,2021-08-25 23:57:52+05:30,36,True,334,45_5,45
226,2020-11-16 23:26:30+05:30,,0,False,93,46_1,46
227,2022-07-09 04:19:21+05:30,,0,False,660,46_2,46
228,2022-07-03 20:27:40+05:30,2022-07-03 22:08:40+05:30,101,True,327,46_3,46
229,2022-11-26 23:16:11+05:30,2022-11-27 00:45:11+05:30,89,True,589,46_4,46
230,2022-01-15 19:07:26+05:30,,0,False,981,46_5,46
231,2024-07-17 19:29:27+05:30,2024-07-17 20:18:27+05:30,49,True,573,47_1,47
232,2020-05-19 13:52:33+05:30,,0,False,448,47_2,47
233,2021-07-19 19:14:58+05:30,2021-07-19 20:53:58+05:30,99,True,738,47_3,47
234,2020-06-17 11:46:58+05:30,2020-06-17 12:59:58+05:30,73,True,27,47_4,47
235,2020-10-07 07:27:59+05:30,2020-10-07 08:39:59+05:30,72,True,591,47_5,47
236,2022-10-14 15:53:00+05:30,2022-10-14 16:51:00+05:30,58,True,742,48_1,48
237,2020-05-02 18:40:57+05:30,2020-05-02 20:25:57+05:30,105,True,226,48_2,48
238,2022-06-18 04:34:11+05:30,2022-06-18 05:05:11+05:30,31,True,737,48_3,48
239,2022-02-08 20:06:34+05:30,2022-02-08 21:13:34+05:30,67,True,567,48_4,48
240,2022-08-20 04:58:21+05:30,2022-08-20 06:09:21+05:30,71,True,635,48_5,48
241,2024-05-16 13:55:23+05:30,2024-05-16 15:31:23+05:30,96,True,479,49_1,49
242,2024-07-11 03:27:57+05:30,2024-07-11 03:41:57+05:30,14,True,221,49_2,49
243,2020-09-19 18:06:04+05:30,2020-09-19 18:44:04+05:30,38,True,787,49_3,49
244,2020-07-09 21:28:35+05:30,2020-07-09 21:47:35+05:30,19,True,561,49_4,49
245,2024-02-29 00:25:09+05:30,2024-02-29 00:36:09+05:30,11,True,946,49_5,49
246,2023-08-11 06:26:28+05:30,2023-08-11 07:39:28+05:30,73,True,974,50_1,50
247,2023-10-09 08:11:51+05:30,2023-10-09 09:47:51+05:30,96,True,413,50_2,50
248,2021-01-30 13:32:46+05:30,,0,False,695,50_3,50
249,2022-10-06 01:29:25+05:30,2022-10-06 03:15:25+05:30,106,True,649,50_4,50
250,2020-12-13 11:50:37+05:30,,0,False,585,50_5,50
251,2023-11-08 02:18:57+05:30,2023-11-08 03:43:57+05:30,85,True,923,51_1,51
252,2024-08-02 17:15:33+05:30,2024-08-02 18:53:33+05:30,98,True,668,51_2,51
253,2024-07-07 09:35:23+05:30,2024-07-07 10:31:23+05:30,56,True,978,51_3,51
254,2020-03-25 01:29:15+05:30,2020-03-25 01:34:15+05:30,5,True,431,51_4,51
255,2023-07-21 04:54:21+05:30,2023-07-21 06:53:21+05:30,119,True,218,51_5,51
256,2024-07-22 16:31:00+05:30,2024-07-22 16:45:00+05:30,14,True,936,52_1,52
257,2023-10-13 10:10:08+05:30,,0,False,982,52_2,52
258,2021-03-05 21:40:59+05:30,2021-03-05 23:30:59+05:30,110,True,25,52_3,52
259,2023-02-15 02:55:34+05:30,,0,False,694,52_4,52
260,2022-09-09 06:41:40+05:30,,0,False,688,52_5,52
261,2023-10-21 08:07:05+05:30,,0,False,799,53_1,53
262,2022-05-19 08:19:47+05:30,2022-05-19 08:47:47+05:30,28,True,470,53_2,53
263,2024-01-16 03:44:53+05:30,,0,False,367,53_3,53
264,2024-04-16 21:10:54+05:30,2024-04-16 22:03:54+05:30,53,True,182,53_4,53
265,2022-11-18 06:56:55+05:30,2022-11-18 07:37:55+05:30,41,True,1,53_5,53
266,2021-03-02 20:47:00+05:30,2021-03-02 22:08:00+05:30,81,True,963,54_1,54
267,2021-08-17 02:39:24+05:30,2021-08-17 03:51:24+05:30,72,True,423,54_2,54
268,2021-04-08 21:37:09+05:30,2021-04-08 21:57:09+05:30,20,True,913,54_3,54
269,2023-12-14 09:23:46+05:30,2023-12-14 10:53:46+05:30,90,True,608,54_4,54
270,2021-10-14 17:04:19+05:30,2021-10-14 18:13:19+05:30,69,True,467,54_5,54
271,2022-06-17 18:35:21+05:30,2022-06-17 19:50:21+05:30,75,True,85,55_1,55
272,2022-10-14 20:02:02+05:30,,0,False,229,55_2,55
273,2024-05-11 05:04:02+05:30,2024-05-11 07:04:02+05:30,120,True,71,55_3,55
274,2024-07-28 13:52:43+05:30,2024-07-28 15:20:43+05:30,88,True,495,55_4,55
275,2020-01-09 16:47:05+05:30,2020-01-09 17:15:05+05:30,28,True,920,55_5,55
276,2023-01-07 07:42:25+05:30,2023-01-07 08:18:25+05:30,36,True,558,56_1,56
277,2023-04-13 12:41:35+05:30,2023-04-13 13:15:35+05:30,34,True,124,56_2,56
278,2022-08-17 00:40:51+05:30,,0,False,881,56_3,56
279,2021-04-24 19:55:19+05:30,2021-04-24 20:20:19+05:30,25,True,315,56_4,56
280,2023-06-25 13:25:29+05:30,2023-06-25 15:06:29+05:30,101,True,25,56_5,56
281,2022-03-25 16:14:58+05:30,2022-03-25 17:46:58+05:30,92,True,58,57_1,57
282,2021-02-11 17:24:37+05:30,2021-02-11 18:43:37+05:30,79,True,222,57_2,57
283,2024-03-02 12:01:15+05:30,,0,False,459,57_3,57
284,2023-07-04 12:32:17+05:30,2023-07-04 12:40:17+05:30,8,True,739,57_4,57
285,2020-07-27 11:50:10+05:30,2020-07-27 12:54:10+05:30,64,True,816,57_5,57
286,2020-01-06 15:55:14+05:30,2020-01-06 17:49:14+05:30,114,True,521,58_1,58
287,2021-05-31 07:37:46+05:30,2021-05-31 08:51:46+05:30,74,True,73,58_2,58
288,2021-01-29 01:30:37+05:30,2021-01-29 03:03:37+05:30,93,True,175,58_3,58
289,2021-12-09 18:12:12+05:30,2021-12-09 18:41:12+05:30,29,True,888,58_4,58
290,2022-03-09 17:06:56+05:30,2022-03-09 18:26:56+05:30,80,True,146,58_5,58
291,2020-08-01 09:19:39+05:30,2020-08-01 10:04:39+05:30,45,True,716,59_1,59
292,2023-02-03 08:15:03+05:30,,0,False,728,59_2,59
293,2024-07-31 16:48:36+05:30,,0,False,736,59_3,59
294,2023-06-17 04:20:09+05:30,2023-06-17 04:31:09+05:30,11,True,319,59_4,59
295,2023-06-23 21:44:34+05:30,2023-06-23 23:36:34+05:30,112,True,838,59_5,59
296,2020-11-26 12:07:47+05:30,2020-11-26 12:30:47+05:30,23,True,371,60_1,60
297,2020-11-01 05:01:03+05:30,2020-11-01 06:51:03+05:30,110,True,390,60_2,60
298,2020-10-01 19:14:50+05:30,2020-10-01 19:19:50+05:30,5,True,471,60_3,60
299,2022-08-16 03:30:22+05:30,2022-08-16 03:49:22+05:30,19,True,125,60_4,60
300,2022-01-03 03:50:14+05:30,2022-01-03 04:07:14+05:30,17,True,767,60_5,60
301,2023-05-23 02:36:34+05:30,2023-05-23 03:09:34+05:30,33,True,378,61_1,61
302,2022-01-15 10:29:03+05:30,2022-01-15 12:18:03+05:30,109,True,578,61_2,61
303,2020-12-24 23:48:00+05:30,2020-12-25 00:10:00+05:30,22,True,496,61_3,61
304,2021-08-25 17:43:18+05:30,2021-08-25 19:22:18+05:30,99,True,770,61_4,61
305,2023-08-10 04:21:09+05:30,2023-08-10 05:51:09+05:30,90,True,757,61_5,61
306,2024-07-11 01:52:47+05:30,2024-07-11 03:25:47+05:30,93,True,982,62_1,62
307,2024-09-06 15:39:41+05:30,,0,False,392,62_2,62
308,2022-10-03 20:17:32+05:30,2022-10-03 20:24:32+05:30,7,True,333,62_3,62
309,2023-08-18 19:10:38+05:30,,0,False,719,62_4,62
310,2021-03-17 03:45:03+05:30,2021-03-17 04:01:03+05:30,16,True,392,62_5,62
311,2024-07-20 09:24:31+05:30,2024-07-20 09:33:31+05:30,9,True,505,63_1,63
312,2020-02-20 10:26:52+05:30,2020-02-20 11:37:52+05:30,71,True,212,63_2,63
313,2020-06-18 02:29:03+05:30,2020-06-18 03:48:03+05:30,79,True,164,63_3,63
314,2020-10-02 15:36:15+05:30,2020-10-02 17:11:15+05:30,95,True,227,63_4,63
315,2022-06-01 03:57:55+05:30,,0,False,570,63_5,63
316,2021-09-01 08:05:28+05:30,,0,False,148,64_1,64
317,2022-06-06 17:39:20+05:30,2022-06-06 18:22:20+05:30,43,True,847,64_2,64
318,2022-12-23 12:39:58+05:30,2022-12-23 13:36:58+05:30,57,True,360,64_3,64
319,2021-10-15 15:21:38+05:30,2021-10-15 16:28:38+05:30,67,True,304,64_4,64
320,2022-02-10 03:55:37+05:30,,0,False,568,64_5,64
321,2023-11-18 15:21:15+05:30,,0,False,534,65_1,65
322,2023-01-20 16:34:19+05:30,2023-01-20 16:59:19+05:30,25,True,666,65_2,65
323,2024-10-02 12:17:22+05:30,,0,False,544,65_3,65
324,2022-08-23 16:30:00+05:30,2022-08-23 18:06:00+05:30,96,True,110,65_4,65
325,2022-09-10 19:09:50+05:30,2022-09-10 20:04:50+05:30,55,True,951,65_5,65
326,2022-04-15 13:55:39+05:30,2022-04-15 14:47:39+05:30,52,True,482,66_1,66
327,2023-06-14 21:33:41+05:30,,0,False,956,66_2,66
328,2020-07-01 14:13:24+05:30,2020-07-01 15:37:24+05:30,84,True,953,66_3,66
329,2022-12-20 06:30:08+05:30,2022-12-20 07:27:08+05:30,57,True,13,66_4,66
330,2020-11-22 13:25:36+05:30,2020-11-22 14:23:36+05:30,58,True,816,66_5,66
331,2023-06-08 12:35:54+05:30,,0,False,917,67_1,67
332,2021-09-27 00:02:12+05:30,2021-09-27 00:13:12+05:30,11,True,687,67_2,67
333,2021-05-30 23:15:04+05:30,2021-05-31 01:01:04+05:30,106,True,858,67_3,67
334,2024-05-13 19:18:30+05:30,2024-05-13 19:55:30+05:30,37,True,621,67_4,67
335,2024-04-27 22:25:53+05:30,2024-04-27 22:38:53+05:30,13,True,419,67_5,67
336,2023-11-25 23:18:23+05:30,2023-11-26 00:05:23+05:30,47,True,195,68_1,68
337,2023-10-16 00:39:42+05:30,2023-10-16 02:07:42+05:30,88,True,670,68_2,68
338,2021-03-10 14:52:12+05:30,,0,False,28,68_3,68
339,2020-01-18 10:28:34+05:30,2020-01-18 11:12:34+05:30,44,True,26,68_4,68
340,2022-04-14 07:59:22+05:30,2022-04-14 08:55:22+05:30,56,True,362,68_5,68
341,2020-05-22 02:22:06+05:30,,0,False,608,69_1,69
342,2022-10-01 10:50:13+05:30,2022-10-01 11:15:13+05:30,25,True,679,69_2,69
343,2023-11-25 08:32:19+05:30,,0,False,795,69_3,69
344,2021-12-12 07:42:35+05:30,2021-12-12 08:41:35+05:30,59,True,284,69_4,69
345,2023-10-15 15:03:22+05:30,2023-10-15 17:00:22+05:30,117,True,207,69_5,69
346,2021-08-04 12:47:03+05:30,2021-08-04 13:36:03+05:30,49,True,873,70_1,70
347,2024-02-04 11:23:22+05:30,,0,False,834,70_2,70
348,2023-01-22 14:25:13+05:30,,0,False,678,70_3,70
349,2024-08-10 11:11:48+05:30,2024-08-10 13:00:48+05:30,109,True,175,70_4,70
350,2021-12-10 06:13:52+05:30,2021-12-10 07:02:52+05:30,49,True,460,70_5,70
351,2020-07-06 01:23:31+05:30,2020-07-06 02:07:31+05:30,44,True,163,71_1,71
352,2022-04-12 05:03:37+05:30,2022-04-12 06:33:37+05:30,90,True,858,71_2,71
353,2022-02-25 06:09:51+05:30,2022-02-25 06:50:51+05:30,41,True,860,71_3,71
354,2020-11-11 06:25:03+05:30,,0,False,206,71_4,71
355,2021-04-11 14:24:45+05:30,2021-04-11 15:57:45+05:30,93,True,953,71_5,71
356,2020-09-28 08:23:52+05:30,2020-09-28 08:59:52+05:30,36,True,223,72_1,72
357,2022-10-07 12:00:39+05:30,,0,False,269,72_2,72
358,2023-01-13 18:57:17+05:30,2023-01-13 19:36:17+05:30,39,True,980,72_3,72
359,2024-05-07 09:51:01+05:30,,0,False,303,72_4,72
360,2021-01-19 00:33:08+05:30,,0,False,602,72_5,72
361,2024-06-22 02:40:49+05:30,2024-06-22 04:39:49+05:30,119,True,452,73_1,73
362,2021-03-03 03:51:01+05:30,2021-03-03 05:08:01+05:30,77,True,726,73_2,73
363,2024-02-18 00:30:39+05:30,2024-02-18 02:00:39+05:30,90,True,936,73_3,73
364,2024-06-14 13:15:39+05:30,,0,False,650,73_4,73
365,2022-06-30 18:30:08+05:30,,0,False,357,73_5,73
366,2024-09-04 05:19:33+05:30,,0,False,185,74_1,74
367,2022-06-30 01:46:58+05:30,,0,False,254,74_2,74
368,2022-01-17 16:03:48+05:30,2022-01-17 16:14:48+05:30,11,True,512,74_3,74
369,2021-01-02 11:45:33+05:30,2021-01-02 12:47:33+05:30,62,True,381,74_4,74
370,2020-01-10 23:38:34+05:30,2020-01-11 00:21:34+05:30,43,True,820,74_5,74
371,2022-07-28 23:12:03+05:30,2022-07-29 00:50:03+05:30,98,True,791,75_1,75
372,2023-07-31 08:34:49+05:30,2023-07-31 09:19:49+05:30,45,True,173,75_2,75
373,2021-07-18 06:43:38+05:30,2021-07-18 07:29:38+05:30,46,True,748,75_3,75
374,2021-06-05 14:39:41+05:30,2021-06-05 15:49:41+05:30,70,True,834,75_4,75
375,2022-11-17 23:39:10+05:30,2022-11-18 00:45:10+05:30,66,True,984,75_5,75
376,2023-07-17 22:28:24+05:30,2023-07-17 23:05:24+05:30,37,True,413,76_1,76
377,2020-05-11 15:06:30+05:30,2020-05-11 16:31:30+05:30,85,True,764,76_2,76
378,2023-07-29 08:18:57+05:30,2023-07-29 09:33:57+05:30,75,True,768,76_3,76
379,2022-05-11 04:43:01+05:30,2022-05-11 05:58:01+05:30,75,True,222,76_4,76
380,2021-06-16 03:26:45+05:30,2021-06-16 04:18:45+05:30,52,True,568,76_5,76
381,2021-07-10 04:22:50+05:30,2021-07-10 05:16:50+05:30,54,True,562,77_1,77
382,2020-07-19 11:29:13+05:30,2020-07-19 12:31:13+05:30,62,True,609,77_2,77
383,2023-12-15 02:20:23+05:30,,0,False,391,77_3,77
384,2023-06-12 23:24:59+05:30,2023-06-13 01:02:59+05:30,98,True,544,77_4,77
385,2022-02-02 06:08:01+05:30,2022-02-02 07:13:01+05:30,65,True,708,77_5,77
386,2022-01-24 00:33:43+05:30,2022-01-24 01:41:43+05:30,68,True,98,78_1,78
387,2020-08-21 04:20:40+05:30,2020-08-21 05:58:40+05:30,98,True,163,78_2,78
388,2023-07-15 05:41:14+05:30,2023-07-15 07:00:14+05:30,79,True,478,78_3,78
389,2023-08-22 03:19:44+05:30,2023-08-22 04:57:44+05:30,98,True,291,78_4,78
390,2022-12-17 13:54:34+05:30,,0,False,407,78_5,78
391,2020-01-09 00:25:25+05:30,2020-01-09 01:50:25+05:30,85,True,265,79_1,79
392,2021-10-05 08:37:48+05:30,2021-10-05 09:48:48+05:30,71,True,339,79_2,79
393,2022-12-23 01:18:36+05:30,,0,False,749,79_3,79
394,2022-09-22 10:18:30+05:30,2022-09-22 12:06:30+05:30,108,True,847,79_4,79
395,2020-11-05 23:27:59+05:30,2020-11-06 00:39:59+05:30,72,True,208,79_5,79
396,2024-02-06 19:30:20+05:30,,0,False,692,80_1,80
397,2024-07-14 03:26:21+05:30,,0,False,379,80_2,80
398,2023-09-10 23:50:57+05:30,2023-09-11 01:49:57+05:30,119,True,977,80_3,80
399,2023-09-26 15:59:26+05:30,,0,False,361,80_4,80
400,2021-06-07 21:39:16+05:30,2021-06-07 23:01:16+05:30,82,True,428,80_5,80
401,2023-08-12 19:48:32+05:30,,0,False,793,81_1,81
402,2023-07-18 12:44:21+05:30,2023-07-18 13:23:21+05:30,39,True,789,81_2,81
403,2020-07-07 09:54:51+05:30,2020-07-07 10:53:51+05:30,59,True,397,81_3,81
404,2023-06-18 15:30:31+05:30,2023-06-18 16:59:31+05:30,89,True,757,81_4,81
405,2022-10-04 22:26:12+05:30,2022-10-04 22:45:12+05:30,19,True,252,81_5,81
406,2020-09-19 16:32:21+05:30,2020-09-19 18:03:21+05:30,91,True,332,82_1,82
407,2024-09-12 09:23:09+05:30,2024-09-12 11:14:09+05:30,111,True,445,82_2,82
408,2022-06-21 03:12:02+05:30,2022-06-21 03:46:02+05:30,34,True,640,82_3,82
409,2024-07-13 04:56:37+05:30,,0,False,99,82_4,82
410,2024-07-22 11:10:10+05:30,,0,False,352,82_5,82
411,2022-08-17 13:48:32+05:30,2022-08-17 14:12:32+05:30,24,True,158,83_1,83
412,2020-11-11 10:57:38+05:30,,0,False,705,83_2,83
413,2022-08-17 08:40:31+05:30,2022-08-17 08:57:31+05:30,17,True,720,83_3,83
414,2023-03-04 10:33:07+05:30,2023-03-04 11:13:07+05:30,40,True,827,83_4,83
415,2023-09-03 11:20:43+05:30,,0,False,857,83_5,83
416,2023-05-28 08:15:38+05:30,2023-05-28 09:10:38+05:30,55,True,23,84_1,84
417,2020-10-29 10:01:47+05:30,2020-10-29 11:10:47+05:30,69,True,606,84_2,84
418,2023-07-30 11:09:25+05:30,,0,False,591,84_3,84
419,2023-04-15 00:02:11+05:30,2023-04-15 00:37:11+05:30,35,True,633,84_4,84
420,2021-05-09 10:08:50+05:30,2021-05-09 10:56:50+05:30,48,True,428,84_5,84
421,2022-02-11 16:54:05+05:30,,0,False,924,85_1,85
422,2023-06-22 05:42:49+05:30,2023-06-22 07:34:49+05:30,112,True,37,85_2,85
423,2022-11-01 08:22:36+05:30,2022-11-01 08:36:36+05:30,14,True,25,85_3,85
424,2020-04-10 17:51:54+05:30,,0,False,637,85_4,85
425,2020-06-03 01:49:10+05:30,,0,False,791,85_5,85
426,2020-02-17 13:39:25+05:30,2020-02-17 14:03:25+05:30,24,True,819,86_1,86
427,2024-09-17 04:04:50+05:30,2024-09-17 04:35:50+05:30,31,True,490,86_2,86
428,2020-11-03 20:33:04+05:30,,0,False,761,86_3,86
429,2022-03-19 02:26:58+05:30,2022-03-19 02:59:58+05:30,33,True,667,86_4,86
430,2020-01-30 13:36:27+05:30,2020-01-30 13:57:27+05:30,21,True,344,86_5,86
431,2021-04-11 21:03:52+05:30,2021-04-11 22:11:52+05:30,68,True,852,87_1,87
432,2024-03-12 23:27:34+05:30,,0,False,236,87_2,87
433,2020-12-19 17:42:48+05:30,,0,False,377,87_3,87
434,2022-11-17 14:55:19+05:30,2022-11-17 15:47:19+05:30,52,True,870,87_4,87
435,2024-04-16 20:03:14+05:30,2024-04-16 21:45:14+05:30,102,True,361,87_5,87
436,2021-02-01 06:32:25+05:30,2021-02-01 08:12:25+05:30,100,True,913,88_1,88
437,2024-09-10 01:01:43+05:30,2024-09-10 02:32:43+05:30,91,True,584,88_2,88
438,2020-11-27 05:52:24+05:30,2020-11-27 06:34:24+05:30,42,True,912,88_3,88
439,2022-02-15 23:47:48+05:30,2022-02-16 01:29:48+05:30,102,True,88,88_4,88
440,2023-09-04 06:36:16+05:30,2023-09-04 07:10:16+05:30,34,True,518,88_5,88
441,2023-02-10 05:31:45+05:30,2023-02-10 06:20:45+05:30,49,True,10,89_1,89
442,2022-10-30 08:20:33+05:30,2022-10-30 08:44:33+05:30,24,True,232,89_2,89
443,2020-04-17 20:44:53+05:30,2020-04-17 22:14:53+05:30,90,True,249,89_3,89
444,2023-06-29 10:17:59+05:30,,0,False,768,89_4,89
445,2020-04-19 16:44:32+05:30,2020-04-19 17:50:32+05:30,66,True,430,89_5,89
446,2024-02-21 11:44:24+05:30,2024-02-21 12:11:24+05:30,27,True,738,90_1,90
447,2022-10-20 18:27:08+05:30,2022-10-20 18:33:08+05:30,6,True,207,90_2,90
448,2023-05-17 21:44:10+05:30,2023-05-17 22:24:10+05:30,40,True,942,90_3,90
449,2022-02-28 15:09:03+05:30,2022-02-28 16:12:03+05:30,63,True,565,90_4,90
450,2021-08-25 11:33:12+05:30,2021-08-25 12:56:12+05:30,83,True,810,90_5,90
451,2023-12-11 15:03:10+05:30,2023-12-11 15:31:10+05:30,28,True,344,91_1,91
452,2023-10-25 13:25:32+05:30,2023-10-25 14:47:32+05:30,82,True,577,91_2,91
453,2023-08-09 07:20:50+05:30,,0,False,502,91_3,91
454,2024-06-14 05:22:52+05:30,2024-06-14 05:30:52+05:30,8,True,321,91_4,91
455,2022-08-02 17:38:19+05:30,,0,False,343,91_5,91
456,2023-01-16 10:44:07+05:30,,0,False,113,92_1,92
457,2024-04-25 13:54:40+05:30,2024-04-25 14:08:40+05:30,14,True,222,92_2,92
458,2023-06-17 15:59:51+05:30,2023-06-17 16:44:51+05:30,45,True,486,92_3,92
459,2020-06-09 01:45:57+05:30,2020-06-09 01:50:57+05:30,5,True,853,92_4,92
460,2022-03-11 06:00:08+05:30,2022-03-11 07:24:08+05:30,84,True,766,92_5,92
461,2021-11-20 02:43:48+05:30,2021-11-20 03:59:48+05:30,76,True,264,93_1,93
462,2024-03-22 15:56:10+05:30,,0,False,270,93_2,93
463,2021-04-12 07:39:16+05:30,2021-04-12 08:37:16+05:30,58,True,974,93_3,93
464,2022-08-09 23:09:02+05:30,2022-08-10 00:51:02+05:30,102,True,481,93_4,93
465,2024-10-04 11:09:17+05:30,,0,False,974,93_5,93
466,2021-07-18 02:48:17+05:30,2021-07-18 03:33:17+05:30,45,True,623,94_1,94
467,2022-06-23 22:57:07+05:30,2022-06-24 00:25:07+05:30,88,True,786,94_2,94
468,2021-09-09 11:21:09+05:30,2021-09-09 11:39:09+05:30,18,True,659,94_3,94
469,2020-04-21 18:56:39+05:30,2020-04-21 20:11:39+05:30,75,True,245,94_4,94
470,2022-01-19 07:21:00+05:30,2022-01-19 09:03:00+05:30,102,True,976,94_5,94
471,2022-07-19 07:34:51+05:30,2022-07-19 09:26:51+05:30,112,True,757,95_1,95
472,2021-08-05 16:14:38+05:30,,0,False,88,95_2,95
473,2020-08-28 04:58:43+05:30,2020-08-28 05:29:43+05:30,31,True,792,95_3,95
474,2024-08-11 22:34:42+05:30,2024-08-11 23:35:42+05:30,61,True,118,95_4,95
475,2024-02-03 12:20:56+05:30,2024-02-03 12:59:56+05:30,39,True,643,95_5,95
476,2021-10-16 11:42:58+05:30,2021-10-16 11:59:58+05:30,17,True,633,96_1,96
477,2021-01-01 06:22:26+05:30,,0,False,882,96_2,96
478,2024-06-20 17:56:08+05:30,,0,False,186,96_3,96
479,2023-04-09 01:12:09+05:30,,0,False,254,96_4,96
480,2024-08-19 04:08:37+05:30,,0,False,518,96_5,96
481,2022-11-23 00:12:24+05:30,2022-11-23 00:21:24+05:30,9,True,394,97_1,97
482,2024-07-15 17:02:13+05:30,2024-07-15 17:47:13+05:30,45,True,577,97_2,97
483,2024-06-24 15:04:13+05:30,2024-06-24 15:09:13+05:30,5,True,880,97_3,97
484,2022-04-21 00:58:04+05:30,2022-04-21 02:02:04+05:30,64,True,155,97_4,97
485,2020-11-27 06:13:28+05:30,2020-11-27 06:24:28+05:30,11,True,217,97_5,97
486,2023-11-18 00:49:51+05:30,2023-11-18 02:44:51+05:30,115,True,111,98_1,98
487,2023-01-19 14:55:44+05:30,2023-01-19 16:07:44+05:30,72,True,843,98_2,98
488,2024-09-30 07:43:23+05:30,2024-09-30 08:44:23+05:30,61,True,808,98_3,98
489,2022-01-28 05:51:03+05:30,2022-01-28 06:56:03+05:30,65,True,906,98_4,98
490,2020-08-09 13:01:12+05:30,2020-08-09 14:47:12+05:30,106,True,800,98_5,98
491,2020-10-31 22:35:16+05:30,2020-10-31 23:33:16+05:30,58,True,427,99_1,99
492,2022-12-22 06:55:59+05:30,2022-12-22 08:47:59+05:30,112,True,749,99_2,99
493,2024-01-17 11:31:55+05:30,2024-01-17 13:10:55+05:30,99,True,762,99_3,99
494,2020-04-12 08:28:26+05:30,,0,False,640,99_4,99
495,2020-03-25 00:30:37+05:30,2020-03-25 00:47:37+05:30,17,True,440,99_5,99
496,2023-08-28 04:09:47+05:30,2023-08-28 04:50:47+05:30,41,True,90,100_1,100
497,2020-11-27 16:51:40+05:30,2020-11-27 18:43:40+05:30,112,True,196,100_2,100
498,2024-02-29 16:51:41+05:30,,0,False,750,100_3,100
499,2021-03-07 10:25:38+05:30,2021-03-07 11:28:38+05:30,63,True,597,100_4,100
500,2020-12-11 01:08:48+05:30,2020-12-11 03:08:48+05:30,120,True,374,100_5,100
